"동별(1)",동별(2),동별(3),2025 3/4,2025 3/4,2025 3/4,2025 3/4,2025 3/4,2025 3/4,2025 3/4,2025 3/4,2025 3/4,2025 3/4,2025 3/4,2025 3/4
"동별(1)",동별(2),동별(3),세대 (세대),계 (명),계 (명),계 (명),한국인 (명),한국인 (명),한국인 (명),등록외국인 (명),등록외국인 (명),등록외국인 (명),세대당인구 (명),65세이상고령자 (명)
"동별(1)",동별(2),동별(3),소계,소계,남자,여자,소계,남자,여자,소계,남자,여자,소계,소계
"합계",소계,소계,4505357,9594329,4610784,4983545,9318500,4491997,4826503,275829,118787,157042,2.07,1894245
"합계",종로구,소계,72402,149165,70897,78268,137545,66032,71513,11620,4865,6755,1.9,30658
"합계",종로구,사직동,4583,9151,4055,5096,8913,3919,4994,238,136,102,1.94,1963
"합계",종로구,삼청동,1078,2384,1157,1227,2138,1024,1114,246,133,113,1.98,641
"합계",종로구,부암동,4122,9207,4297,4910,8952,4188,4764,255,109,146,2.17,2033
"합계",종로구,평창동,7096,17290,8026,9264,17088,7923,9165,202,103,99,2.41,4019
"합계",종로구,무악동,2960,7741,3541,4200,7716,3528,4188,25,13,12,2.61,1587
"합계",종로구,교남동,4324,9628,4423,5205,9482,4341,5141,146,82,64,2.19,1783
"합계",종로구,가회동,1833,3767,1759,2008,3671,1706,1965,96,53,43,2,906
"합계",종로구,종로1.2.3.4가동,4908,8645,5000,3645,6650,4012,2638,1995,988,1007,1.35,1891
"합계",종로구,종로5.6가동,3539,5791,3006,2785,5255,2726,2529,536,280,256,1.48,1135
"합계",종로구,이화동,4452,7638,3488,4150,7093,3281,3812,545,207,338,1.59,1468
"합계",종로구,창신1동,2662,5436,2863,2573,4468,2354,2114,968,509,459,1.68,1369
"합계",종로구,창신2동,3894,8463,4328,4135,7201,3705,3496,1262,623,639,1.85,2046
"합계",종로구,창신3동,2744,6381,3147,3234,6152,3012,3140,229,135,94,2.24,1450
"합계",종로구,숭인1동,3015,6074,2928,3146,5728,2783,2945,346,145,201,1.9,1390
"합계",종로구,숭인2동,7047,11447,5280,6167,10269,4985,5284,1178,295,883,1.46,1891
"합계",종로구,청운효자동,4914,11100,5041,6059,10965,4970,5995,135,71,64,2.23,2277
"합계",종로구,혜화동,9231,19022,8558,10464,15804,7575,8229,3218,983,2235,1.71,2809
"합계",중구,소계,64259,128942,61743,67199,118458,56869,61589,10484,4874,5610,1.84,27442
"합계",중구,소공동,1236,3478,1677,1801,2178,1001,1177,1300,676,624,1.76,339
"합계",중구,회현동,2436,4888,2512,2376,4219,2172,2047,669,340,329,1.73,1433
"합계",중구,명동,1335,3408,1505,1903,2500,1027,1473,908,478,430,1.87,802
"합계",중구,필동,2820,5155,2575,2580,4319,2208,2111,836,367,469,1.53,962
"합계",중구,장충동,2946,5496,2792,2704,4599,2397,2202,897,395,502,1.56,965
"합계",중구,광희동,3958,7122,3430,3692,5708,2773,2935,1414,657,757,1.44,1287
"합계",중구,을지로동,2058,3388,1787,1601,3004,1609,1395,384,178,206,1.46,524
"합계",중구,신당5동,5411,10342,4972,5370,9990,4839,5151,352,133,219,1.85,2096
"합계",중구,황학동,7878,13993,6485,7508,13124,6125,6999,869,360,509,1.67,2380
"합계",중구,중림동,5916,12337,6024,6313,11984,5860,6124,353,164,189,2.03,2324
"합계",중구,신당동,4731,8881,4237,4644,7406,3599,3807,1475,638,837,1.57,1760
"합계",중구,다산동,6743,13510,6505,7005,13060,6299,6761,450,206,244,1.94,3175
"합계",중구,약수동,7699,15994,7375,8619,15761,7258,8503,233,117,116,2.05,4356
"합계",중구,청구동,5115,11013,5114,5899,10820,5020,5800,193,94,99,2.12,2690
"합계",중구,동화동,3977,9937,4753,5184,9786,4682,5104,151,71,80,2.46,2349
"합계",용산구,소계,103187,215716,103377,112339,202636,96590,106046,13080,6787,6293,1.96,40342
"합계",용산구,후암동,8281,16158,7731,8427,15699,7495,8204,459,236,223,1.9,3335
"합계",용산구,용산2가동,5001,9911,4869,5042,8538,4212,4326,1373,657,716,1.71,2187
"합계",용산구,남영동,4946,7450,4443,3007,6945,4214,2731,505,229,276,1.4,1694
"합계",용산구,원효로1동,9385,17843,8248,9595,17098,7848,9250,745,400,345,1.82,2261
"합계",용산구,원효로2동,6273,13557,6304,7253,13422,6247,7175,135,57,78,2.14,2612
"합계",용산구,효창동,4703,10546,4952,5594,10384,4884,5500,162,68,94,2.21,1703
"합계",용산구,용문동,5302,11214,5283,5931,11099,5230,5869,115,53,62,2.09,2420
"합계",용산구,이촌1동,9096,25456,11969,13487,24951,11699,13252,505,270,235,2.74,4726
"합계",용산구,이촌2동,3560,7765,3632,4133,7714,3614,4100,51,18,33,2.17,1931
"합계",용산구,이태원1동,3392,7439,3879,3560,5961,2949,3012,1478,930,548,1.76,1504
"합계",용산구,이태원2동,4726,9936,4736,5200,8430,3997,4433,1506,739,767,1.78,1903
"합계",용산구,서빙고동,5022,12836,6186,6650,12109,5817,6292,727,369,358,2.41,2397
"합계",용산구,보광동,3909,7764,4029,3735,6859,3406,3453,905,623,282,1.75,1740
"합계",용산구,청파동,11319,19514,8836,10678,18647,8600,10047,867,236,631,1.65,3590
"합계",용산구,한강로동,11259,22730,10823,11907,21006,9920,11086,1724,903,821,1.87,3563
"합계",용산구,한남동,7013,15597,7457,8140,13774,6458,7316,1823,999,824,1.96,2776
"합계",성동구,소계,132994,282288,135903,146385,274195,132518,141677,8093,3385,4708,2.06,52896
"합계",성동구,왕십리2동,7324,16106,7658,8448,15750,7513,8237,356,145,211,2.15,2981
"합계",성동구,마장동,10975,22425,10773,11652,21442,10494,10948,983,279,704,1.95,4508
"합계",성동구,사근동,8398,14310,7185,7125,12067,6279,5788,2243,906,1337,1.44,1618
"합계",성동구,행당1동,7078,15280,7214,8066,14967,7102,7865,313,112,201,2.11,2584
"합계",성동구,행당2동,9135,22504,10469,12035,22406,10432,11974,98,37,61,2.45,4413
"합계",성동구,응봉동,5845,14527,6880,7647,14449,6846,7603,78,34,44,2.47,2683
"합계",성동구,금호1가동,6372,14382,6823,7559,14308,6791,7517,74,32,42,2.25,3042
"합계",성동구,금호4가동,6335,14112,6652,7460,13939,6560,7379,173,92,81,2.2,2847
"합계",성동구,성수1가1동,7316,15282,7562,7720,14994,7415,7579,288,147,141,2.05,2710
"합계",성동구,성수1가2동,6544,13493,6529,6964,13221,6399,6822,272,130,142,2.02,2395
"합계",성동구,성수2가1동,7306,14260,7356,6904,13739,7098,6641,521,258,263,1.88,3249
"합계",성동구,성수2가3동,4991,9813,4819,4994,9536,4682,4854,277,137,140,1.91,1995
"합계",성동구,송정동,5186,9736,5082,4654,9251,4850,4401,485,232,253,1.78,2054
"합계",성동구,용답동,8127,13766,6959,6807,12752,6530,6222,1014,429,585,1.57,2476
"합계",성동구,왕십리도선동,12025,26136,12256,13880,25659,12074,13585,477,182,295,2.13,4407
"합계",성동구,금호2.3가동,9372,20815,9886,10929,20652,9814,10838,163,72,91,2.2,4190
"합계",성동구,옥수동,10665,25341,11800,13541,25063,11639,13424,278,161,117,2.35,4744
"합계",광진구,소계,171265,349963,166279,183684,332072,158955,173117,17891,7324,10567,1.94,62240
"합계",광진구,화양동,18104,28340,12614,15726,22921,10805,12116,5419,1809,3610,1.27,2527
"합계",광진구,군자동,11213,21395,10421,10974,18560,9102,9458,2835,1319,1516,1.66,3573
"합계",광진구,중곡1동,8607,15434,7294,8140,14906,7060,7846,528,234,294,1.73,2961
"합계",광진구,중곡2동,10492,20243,9516,10727,19836,9356,10480,407,160,247,1.89,4004
"합계",광진구,중곡3동,8426,15574,7606,7968,15243,7477,7766,331,129,202,1.81,3466
"합계",광진구,중곡4동,12953,27255,13153,14102,26810,12970,13840,445,183,262,2.07,6404
"합계",광진구,능동,6431,11339,5234,6105,10782,4979,5803,557,255,302,1.68,1863
"합계",광진구,구의1동,13254,23631,11131,12500,22864,10815,12049,767,316,451,1.73,3834
"합계",광진구,구의2동,11481,25558,12084,13474,24920,11818,13102,638,266,372,2.17,5197
"합계",광진구,구의3동,12073,27811,13093,14718,27549,12977,14572,262,116,146,2.28,5002
"합계",광진구,광장동,11688,33321,16132,17189,33070,16015,17055,251,117,134,2.83,4522
"합계",광진구,자양1동,12109,22620,10819,11801,21608,10374,11234,1012,445,567,1.78,4187
"합계",광진구,자양2동,12190,26670,12825,13845,26336,12686,13650,334,139,195,2.16,4904
"합계",광진구,자양3동,10935,27137,12976,14161,26758,12801,13957,379,175,204,2.45,5177
"합계",광진구,자양4동,11309,23635,11381,12254,19909,9720,10189,3726,1661,2065,1.76,4619
"합계",동대문구,소계,176040,364828,175494,189334,344572,168148,176424,20256,7346,12910,1.96,72029
"합계",동대문구,전농1동,16388,33289,16413,16876,32374,16076,16298,915,337,578,1.98,6663
"합계",동대문구,전농2동,7421,17872,8463,9409,17447,8297,9150,425,166,259,2.35,4235
"합계",동대문구,답십리1동,12911,27864,13257,14607,27418,13079,14339,446,178,268,2.12,4721
"합계",동대문구,답십리2동,12634,27770,13273,14497,27392,13113,14279,378,160,218,2.17,6495
"합계",동대문구,장안1동,18602,38086,18527,19559,37235,18221,19014,851,306,545,2,7919
"합계",동대문구,장안2동,14785,33312,16335,16977,32863,16170,16693,449,165,284,2.22,6335
"합계",동대문구,회기동,6605,13620,6033,7587,10175,4792,5383,3445,1241,2204,1.54,1587
"합계",동대문구,휘경1동,8952,19033,8576,10457,16566,7738,8828,2467,838,1629,1.85,2571
"합계",동대문구,휘경2동,12696,25058,12309,12749,23791,11892,11899,1267,417,850,1.87,4583
"합계",동대문구,이문1동,11726,25070,11751,13319,21467,10414,11053,3603,1337,2266,1.83,3325
"합계",동대문구,이문2동,8211,18955,9113,9842,18247,8761,9486,708,352,356,2.22,4339
"합계",동대문구,청량리동,9864,18724,9103,9621,18079,8859,9220,645,244,401,1.83,6043
"합계",동대문구,용신동,-,1853,619,1234,-,-,-,1853,619,1234,-,67
"합계",동대문구,제기동,13090,25468,12605,12863,22664,11619,11045,2804,986,1818,1.73,5940
"합계",동대문구,용두동,12625,22462,11060,11402,22462,11060,11402,-,-,-,1.78,4641
"합계",동대문구,신설동,9530,16392,8057,8335,16392,8057,8335,-,-,-,1.72,2565
"합계",중랑구,소계,188870,383737,187037,196700,377101,184274,192827,6636,2763,3873,2,87197
"합계",중랑구,면목2동,12094,23515,11586,11929,23063,11401,11662,452,185,267,1.91,5592
"합계",중랑구,면목4동,8851,17942,8881,9061,17556,8713,8843,386,168,218,1.98,4394
"합계",중랑구,면목5동,6308,14242,7028,7214,14073,6970,7103,169,58,111,2.23,2802
"합계",중랑구,면목7동,10463,21056,10390,10666,20603,10206,10397,453,184,269,1.97,5190
"합계",중랑구,상봉1동,10048,22830,11053,11777,22640,10979,11661,190,74,116,2.25,4810
"합계",중랑구,상봉2동,13220,21515,10057,11458,20931,9817,11114,584,240,344,1.58,3615
"합계",중랑구,중화1동,8755,18275,9001,9274,17981,8888,9093,294,113,181,2.05,4378
"합계",중랑구,중화2동,14077,25576,12976,12600,24932,12685,12247,644,291,353,1.77,6120
"합계",중랑구,묵1동,14878,33325,15809,17516,33088,15712,17376,237,97,140,2.22,7060
"합계",중랑구,묵2동,9193,18072,8809,9263,17702,8665,9037,370,144,226,1.93,4311
"합계",중랑구,망우3동,8194,15790,7876,7914,15239,7644,7595,551,232,319,1.86,4084
"합계",중랑구,신내1동,14703,36972,17698,19274,36780,17617,19163,192,81,111,2.5,8408
"합계",중랑구,신내2동,8806,19149,9012,10137,19054,8986,10068,95,26,69,2.16,4903
"합계",중랑구,면목본동,17676,32740,16061,16679,31812,15652,16160,928,409,519,1.8,7268
"합계",중랑구,면목3.8동,12730,24135,11871,12264,23569,11624,11945,566,247,319,1.85,6002
"합계",중랑구,망우본동,18874,38603,18929,19674,38078,18715,19363,525,214,311,2.02,8260
"합계",성북구,소계,199326,437922,207858,230064,423991,202601,221390,13931,5257,8674,2.13,86899
"합계",성북구,돈암1동,5990,13962,6484,7478,13865,6441,7424,97,43,54,2.31,3361
"합계",성북구,돈암2동,8492,23047,10850,12197,22915,10785,12130,132,65,67,2.7,4164
"합계",성북구,안암동,10398,17994,8586,9408,15537,7761,7776,2457,825,1632,1.49,2329
"합계",성북구,보문동,8099,16389,7789,8600,15874,7597,8277,515,192,323,1.96,2909
"합계",성북구,정릉1동,7348,17822,8495,9327,17561,8392,9169,261,103,158,2.39,3627
"합계",성북구,정릉2동,9668,22171,10570,11601,21859,10462,11397,312,108,204,2.26,5213
"합계",성북구,정릉3동,7920,15542,7604,7938,13906,6846,7060,1636,758,878,1.76,3326
"합계",성북구,정릉4동,10748,24147,11366,12781,23581,11226,12355,566,140,426,2.19,5639
"합계",성북구,길음1동,12816,35596,16760,18836,35440,16705,18735,156,55,101,2.77,5319
"합계",성북구,길음2동,8673,21528,10236,11292,21392,10176,11216,136,60,76,2.47,3482
"합계",성북구,월곡1동,10617,25071,12019,13052,24793,11918,12875,278,101,177,2.34,5524
"합계",성북구,월곡2동,9589,19211,9010,10201,18408,8719,9689,803,291,512,1.92,4139
"합계",성북구,장위1동,10548,23011,11157,11854,22741,11047,11694,270,110,160,2.16,4813
"합계",성북구,장위2동,7808,15951,7789,8162,15625,7645,7980,326,144,182,2,3749
"합계",성북구,장위3동,7628,18724,9142,9582,18548,9077,9471,176,65,111,2.43,2978
"합계",성북구,성북동,8050,16236,7518,8718,15640,7264,8376,596,254,342,1.94,3357
"합계",성북구,삼선동,11432,22384,10436,11948,21718,10267,11451,666,169,497,1.9,4452
"합계",성북구,동선동,9768,15904,6264,9640,14818,5966,8852,1086,298,788,1.52,2320
"합계",성북구,종암동,17124,39148,19053,20095,36843,18144,18699,2305,909,1396,2.15,7879
"합계",성북구,석관동,16610,34084,16730,17354,32927,16163,16764,1157,567,590,1.98,8319
"합계",강북구,소계,142545,286607,136950,149657,280068,134794,145274,6539,2156,4383,1.96,73692
"합계",강북구,번1동,9662,17115,8237,8878,16087,7870,8217,1028,367,661,1.66,3780
"합계",강북구,번2동,7413,14525,6895,7630,14392,6850,7542,133,45,88,1.94,4544
"합계",강북구,번3동,7581,15778,7304,8474,15712,7286,8426,66,18,48,2.07,5208
"합계",강북구,수유1동,10416,19878,9575,10303,19350,9413,9937,528,162,366,1.86,5152
"합계",강북구,수유2동,9690,20231,9535,10696,19980,9463,10517,251,72,179,2.06,5775
"합계",강북구,수유3동,13644,23942,11381,12561,22540,10980,11560,1402,401,1001,1.65,5474
"합계",강북구,삼양동,11704,24643,12113,12530,24383,12023,12360,260,90,170,2.08,6010
"합계",강북구,미아동,11795,21223,9999,11224,20335,9732,10603,888,267,621,1.72,5299
"합계",강북구,송중동,13622,28323,13448,14875,27541,13124,14417,782,324,458,2.02,6895
"합계",강북구,송천동,11795,22487,11054,11433,21984,10853,11131,503,201,302,1.86,6480
"합계",강북구,삼각산동,11487,30159,14430,15729,30050,14394,15656,109,36,73,2.62,5405
"합계",강북구,우이동,9614,19639,9278,10361,19436,9213,10223,203,65,138,2.02,5568
"합계",강북구,인수동,14122,28664,13701,14963,28278,13593,14685,386,108,278,2,8102
"합계",도봉구,소계,139130,303770,146238,157532,300820,145194,155626,2950,1044,1906,2.16,77440
"합계",도봉구,쌍문1동,9677,21030,9857,11173,20541,9762,10779,489,95,394,2.12,5491
"합계",도봉구,쌍문2동,8403,17594,8391,9203,17376,8278,9098,218,113,105,2.07,4645
"합계",도봉구,쌍문3동,8225,16313,7695,8618,16027,7615,8412,286,80,206,1.95,4025
"합계",도봉구,쌍문4동,7088,17807,8374,9433,17747,8359,9388,60,15,45,2.5,3987
"합계",도봉구,방학1동,13118,27775,13650,14125,27444,13518,13926,331,132,199,2.09,7070
"합계",도봉구,방학2동,9035,17906,8936,8970,17683,8836,8847,223,100,123,1.96,5220
"합계",도봉구,방학3동,9902,25524,12287,13237,25446,12265,13181,78,22,56,2.57,6393
"합계",도봉구,창1동,10896,23784,11258,12526,23539,11164,12375,245,94,151,2.16,5543
"합계",도봉구,창2동,12658,27837,13394,14443,27528,13269,14259,309,125,184,2.17,6504
"합계",도봉구,창3동,6376,12917,6418,6499,12801,6378,6423,116,40,76,2.01,3423
"합계",도봉구,창4동,11314,26137,12439,13698,26015,12387,13628,122,52,70,2.3,5344
"합계",도봉구,창5동,10318,23523,11116,12407,23384,11070,12314,139,46,93,2.27,5390
"합계",도봉구,도봉1동,10230,19739,9830,9909,19553,9760,9793,186,70,116,1.91,6660
"합계",도봉구,도봉2동,11890,25884,12593,13291,25736,12533,13203,148,60,88,2.16,7745
"합계",노원구,소계,217252,490739,234459,256280,485526,232341,253185,5213,2118,3095,2.23,103864
"합계",노원구,월계1동,10046,21041,10779,10262,20176,10394,9782,865,385,480,2.01,4684
"합계",노원구,월계2동,11656,25168,12020,13148,24974,11935,13039,194,85,109,2.14,6814
"합계",노원구,월계3동,12845,28122,13346,14776,27944,13290,14654,178,56,122,2.18,7044
"합계",노원구,공릉1동,18813,36216,17369,18847,35360,17018,18342,856,351,505,1.88,7792
"합계",노원구,공릉2동,17903,41760,20060,21700,40845,19746,21099,915,314,601,2.28,6847
"합계",노원구,하계1동,12448,26324,12519,13805,25705,12246,13459,619,273,346,2.06,5373
"합계",노원구,하계2동,7594,19708,9387,10321,19650,9367,10283,58,20,38,2.59,3453
"합계",노원구,중계본동,7864,22283,10767,11516,22230,10745,11485,53,22,31,2.83,2875
"합계",노원구,중계1동,8917,26033,12683,13350,25933,12645,13288,100,38,62,2.91,3048
"합계",노원구,중계4동,8153,18918,9118,9800,18719,8961,9758,199,157,42,2.3,4529
"합계",노원구,상계1동,15558,36361,17408,18953,36180,17337,18843,181,71,110,2.33,8912
"합계",노원구,상계2동,8528,18861,9256,9605,18647,9169,9478,214,87,127,2.19,4176
"합계",노원구,상계5동,10865,22435,10858,11577,22282,10811,11471,153,47,106,2.05,5956
"합계",노원구,상계8동,9065,21345,10061,11284,21284,10049,11235,61,12,49,2.35,3481
"합계",노원구,상계9동,8310,19161,8927,10234,19077,8902,10175,84,25,59,2.3,4193
"합계",노원구,상계10동,7594,17832,8201,9631,17757,8168,9589,75,33,42,2.34,3268
"합계",노원구,중계2.3동,14961,31742,14352,17390,31620,14308,17312,122,44,78,2.11,8478
"합계",노원구,상계3.4동,12372,26848,13318,13530,26724,13280,13444,124,38,86,2.16,7115
"합계",노원구,상계6.7동,13760,30581,14030,16551,30419,13970,16449,162,60,102,2.21,5826
"합계",은평구,소계,215129,461842,218014,243828,457412,216297,241115,4430,1717,2713,2.13,101602
"합계",은평구,녹번동,17417,35545,16552,18993,35136,16374,18762,409,178,231,2.02,8308
"합계",은평구,불광1동,17556,36548,17043,19505,36277,16921,19356,271,122,149,2.07,8805
"합계",은평구,불광2동,14076,26502,12699,13803,26246,12609,13637,256,90,166,1.86,6969
"합계",은평구,갈현1동,7195,14164,6799,7365,14018,6744,7274,146,55,91,1.95,3434
"합계",은평구,갈현2동,12708,27059,12704,14355,26793,12602,14191,266,102,164,2.11,5989
"합계",은평구,구산동,13463,30926,14951,15975,30718,14867,15851,208,84,124,2.28,7263
"합계",은평구,대조동,15503,27394,12564,14830,26983,12430,14553,411,134,277,1.74,5847
"합계",은평구,응암1동,15121,32436,15017,17419,32095,14888,17207,341,129,212,2.12,6153
"합계",은평구,응암2동,10946,27123,13084,14039,26922,12995,13927,201,89,112,2.46,4604
"합계",은평구,응암3동,12526,23525,11280,12245,22968,11058,11910,557,222,335,1.83,6361
"합계",은평구,신사1동,11961,26031,12370,13661,25813,12296,13517,218,74,144,2.16,6078
"합계",은평구,신사2동,8637,18588,9100,9488,18399,9044,9355,189,56,133,2.13,4472
"합계",은평구,증산동,6679,15543,7475,8068,15401,7410,7991,142,65,77,2.31,3372
"합계",은평구,수색동,8588,21329,10259,11070,21163,10191,10972,166,68,98,2.46,3629
"합계",은평구,진관동,21474,53994,25021,28973,53792,24951,28841,202,70,132,2.5,10085
"합계",은평구,역촌동,21279,45135,21096,24039,44688,20917,23771,447,179,268,2.1,10233
"합계",서대문구,소계,146450,317826,147373,170453,301098,142334,158764,16728,5039,11689,2.06,62082
"합계",서대문구,천연동,7609,16590,7826,8764,16397,7718,8679,193,108,85,2.15,3601
"합계",서대문구,홍제1동,11154,24655,11496,13159,24394,11379,13015,261,117,144,2.19,5513
"합계",서대문구,홍제2동,5263,12074,5617,6457,11985,5585,6400,89,32,57,2.28,2907
"합계",서대문구,홍제3동,7929,17469,8279,9190,17282,8204,9078,187,75,112,2.18,4293
"합계",서대문구,홍은1동,10226,23242,11132,12110,23004,11050,11954,238,82,156,2.25,5424
"합계",서대문구,홍은2동,12847,28576,13532,15044,27546,13151,14395,1030,381,649,2.14,6002
"합계",서대문구,남가좌1동,6126,16749,7981,8768,16514,7887,8627,235,94,141,2.7,2557
"합계",서대문구,남가좌2동,13292,30392,14307,16085,28633,13717,14916,1759,590,1169,2.15,5471
"합계",서대문구,북가좌1동,6738,17449,8321,9128,17330,8276,9054,119,45,74,2.57,3458
"합계",서대문구,북가좌2동,14474,30303,14545,15758,29869,14370,15499,434,175,259,2.06,7394
"합계",서대문구,충현동,9956,19774,9441,10333,19277,9217,10060,497,224,273,1.94,3842
"합계",서대문구,북아현동,7043,15545,7469,8076,15183,7326,7857,362,143,219,2.16,2567
"합계",서대문구,신촌동,15155,28144,10381,17763,20327,8644,11683,7817,1737,6080,1.34,2289
"합계",서대문구,연희동,18638,36864,17046,19818,33357,15810,17547,3507,1236,2271,1.79,6764
"합계",마포구,소계,180703,370471,170690,199781,358744,166572,192172,11727,4118,7609,1.99,61682
"합계",마포구,용강동,9262,21499,10019,11480,21125,9836,11289,374,183,191,2.28,3326
"합계",마포구,대흥동,8627,16258,7438,8820,14221,6807,7414,2037,631,1406,1.65,2108
"합계",마포구,염리동,7712,17649,8213,9436,16762,7976,8786,887,237,650,2.17,2294
"합계",마포구,신수동,10033,22326,10807,11519,21948,10662,11286,378,145,233,2.19,3782
"합계",마포구,서교동,15138,26007,11467,14540,23651,10761,12890,2356,706,1650,1.56,3576
"합계",마포구,합정동,9045,16210,7389,8821,15830,7245,8585,380,144,236,1.75,2831
"합계",마포구,망원1동,10048,18820,8671,10149,18487,8530,9957,333,141,192,1.84,3732
"합계",마포구,망원2동,8214,17549,8101,9448,17307,8015,9292,242,86,156,2.11,3479
"합계",마포구,연남동,8241,14784,6806,7978,13851,6445,7406,933,361,572,1.68,2631
"합계",마포구,성산1동,9623,18786,8585,10201,18399,8430,9969,387,155,232,1.91,3340
"합계",마포구,성산2동,19703,38637,17010,21627,38266,16904,21362,371,106,265,1.94,7025
"합계",마포구,상암동,12749,29898,13911,15987,29214,13604,15610,684,307,377,2.29,4823
"합계",마포구,도화동,9312,20631,9776,10855,20376,9653,10723,255,123,132,2.19,4143
"합계",마포구,서강동,12190,25141,11824,13317,24311,11590,12721,830,234,596,1.99,3815
"합계",마포구,공덕동,18473,36674,16983,19691,35970,16661,19309,704,322,382,1.95,6722
"합계",마포구,아현동,12333,29602,13690,15912,29026,13453,15573,576,237,339,2.35,4055
"합계",양천구,소계,179924,430045,209045,221000,426587,207678,218909,3458,1367,2091,2.37,83677
"합계",양천구,목1동,10307,30072,14400,15672,29939,14333,15606,133,67,66,2.9,3982
"합계",양천구,목2동,13268,28259,13544,14715,28006,13448,14558,253,96,157,2.11,5104
"합계",양천구,목3동,10144,20972,9919,11053,20766,9842,10924,206,77,129,2.05,4288
"합계",양천구,목4동,9937,23974,11620,12354,23794,11562,12232,180,58,122,2.39,3919
"합계",양천구,목5동,13498,40654,20116,20538,40537,20069,20468,117,47,70,3,5752
"합계",양천구,신월1동,9833,18911,9674,9237,18623,9563,9060,288,111,177,1.89,5150
"합계",양천구,신월2동,8681,20606,10015,10591,20449,9961,10488,157,54,103,2.36,4877
"합계",양천구,신월3동,7532,13971,7307,6664,13752,7210,6542,219,97,122,1.83,3657
"합계",양천구,신월4동,6797,16972,8185,8787,16867,8150,8717,105,35,70,2.48,4047
"합계",양천구,신월5동,6334,13821,6809,7012,13671,6749,6922,150,60,90,2.16,2989
"합계",양천구,신월6동,5326,13733,6675,7058,13665,6644,7021,68,31,37,2.57,2352
"합계",양천구,신월7동,9048,18185,8754,9431,18024,8706,9318,161,48,113,1.99,5051
"합계",양천구,신정1동,6943,19656,9528,10128,19552,9482,10070,104,46,58,2.82,3206
"합계",양천구,신정2동,6792,18505,9058,9447,18424,9021,9403,81,37,44,2.71,3148
"합계",양천구,신정3동,19359,47987,23145,24842,47653,23002,24651,334,143,191,2.46,9408
"합계",양천구,신정4동,16492,31935,15372,16563,31230,15095,16135,705,277,428,1.89,7104
"합계",양천구,신정6동,8161,23882,11579,12303,23844,11561,12283,38,18,20,2.92,3555
"합계",양천구,신정7동,11472,27950,13345,14605,27791,13280,14511,159,65,94,2.42,6088
"합계",강서구,소계,273397,557177,265902,291275,550669,263123,287546,6508,2779,3729,2.01,111714
"합계",강서구,염창동,16797,41248,19705,21543,41088,19645,21443,160,60,100,2.45,5519
"합계",강서구,등촌1동,14324,25192,11611,13581,24932,11529,13403,260,82,178,1.74,3596
"합계",강서구,등촌2동,8608,19157,9327,9830,18999,9261,9738,158,66,92,2.21,3927
"합계",강서구,등촌3동,15071,28931,13553,15378,28715,13461,15254,216,92,124,1.91,8205
"합계",강서구,화곡본동,17171,32363,15594,16769,31854,15411,16443,509,183,326,1.86,6017
"합계",강서구,화곡1동,28035,50775,24409,26366,49558,23906,25652,1217,503,714,1.77,10223
"합계",강서구,화곡2동,8187,16971,8157,8814,16650,8025,8625,321,132,189,2.03,3418
"합계",강서구,화곡3동,9707,20850,9923,10927,20652,9845,10807,198,78,120,2.13,4994
"합계",강서구,화곡4동,9593,19386,9394,9992,19046,9255,9791,340,139,201,1.99,4657
"합계",강서구,화곡6동,13467,25844,12265,13579,25511,12146,13365,333,119,214,1.89,4904
"합계",강서구,화곡8동,11517,23004,11048,11956,22563,10864,11699,441,184,257,1.96,5214
"합계",강서구,가양1동,21034,33807,15112,18695,33499,14996,18503,308,116,192,1.59,4069
"합계",강서구,가양2동,7905,13021,6133,6888,12961,6116,6845,60,17,43,1.64,4904
"합계",강서구,가양3동,7554,13556,6244,7312,13466,6206,7260,90,38,52,1.78,4157
"합계",강서구,발산1동,13588,35199,16577,18622,34879,16373,18506,320,204,116,2.57,6043
"합계",강서구,공항동,13719,29336,14841,14495,28708,14498,14210,628,343,285,2.09,4855
"합계",강서구,방화1동,16267,39817,19365,20452,39563,19249,20314,254,116,138,2.43,7610
"합계",강서구,방화2동,12431,23153,11453,11700,22862,11303,11559,291,150,141,1.84,5851
"합계",강서구,방화3동,11104,21561,10307,11254,21428,10261,11167,133,46,87,1.93,6212
"합계",강서구,우장산동,17318,44006,20884,23122,43735,20773,22962,271,111,160,2.53,7339
"합계",구로구,소계,184587,409707,201511,208196,385222,188346,196876,24485,13165,11320,2.09,87340
"합계",구로구,신도림동,14406,36152,17368,18784,35795,17197,18598,357,171,186,2.48,5684
"합계",구로구,구로1동,8406,20407,9959,10448,20208,9871,10337,199,88,111,2.4,3441
"합계",구로구,구로2동,12071,28600,14717,13883,21802,10881,10921,6798,3836,2962,1.81,6933
"합계",구로구,구로3동,13626,24651,12695,11956,22754,11770,10984,1897,925,972,1.67,4145
"합계",구로구,구로4동,10081,21935,10802,11133,17831,8529,9302,4104,2273,1831,1.77,5474
"합계",구로구,구로5동,15632,31435,15381,16054,28656,13941,14715,2779,1440,1339,1.83,5929
"합계",구로구,고척1동,11671,26578,13209,13369,26280,13058,13222,298,151,147,2.25,5303
"합계",구로구,고척2동,11322,25493,12524,12969,25037,12288,12749,456,236,220,2.21,6292
"합계",구로구,개봉1동,15286,34036,16827,17209,33238,16421,16817,798,406,392,2.17,7822
"합계",구로구,개봉2동,12695,29889,14352,15537,29449,14137,15312,440,215,225,2.32,7716
"합계",구로구,개봉3동,8607,19399,9352,10047,18924,9126,9798,475,226,249,2.2,5128
"합계",구로구,오류1동,13003,23369,11139,12230,22627,10790,11837,742,349,393,1.74,4759
"합계",구로구,오류2동,15514,36420,17264,19156,35820,16975,18845,600,289,311,2.31,8495
"합계",구로구,수궁동,9986,22513,11008,11505,22038,10793,11245,475,215,260,2.21,5512
"합계",구로구,가리봉동,6083,12555,7059,5496,8761,4837,3924,3794,2222,1572,1.44,2452
"합계",구로구,항동,6198,16275,7855,8420,16002,7732,8270,273,123,150,2.58,2255
"합계",금천구,소계,121441,237847,119817,118030,223603,112337,111266,14244,7480,6764,1.84,50102
"합계",금천구,가산동,18629,27667,14893,12774,25169,13519,11650,2498,1374,1124,1.35,3415
"합계",금천구,독산1동,26411,49346,24898,24448,47337,23925,23412,2009,973,1036,1.79,7382
"합계",금천구,독산2동,9324,18656,9401,9255,17286,8699,8587,1370,702,668,1.85,4361
"합계",금천구,독산3동,12706,26204,13368,12836,22802,11481,11321,3402,1887,1515,1.79,5918
"합계",금천구,독산4동,7375,15547,7852,7695,13889,6960,6929,1658,892,766,1.88,3577
"합계",금천구,시흥1동,16370,33062,16419,16643,31368,15560,15808,1694,859,835,1.92,7486
"합계",금천구,시흥2동,8155,20092,9629,10463,19971,9579,10392,121,50,71,2.45,4984
"합계",금천구,시흥3동,4673,10190,5011,5179,10027,4934,5093,163,77,86,2.15,2797
"합계",금천구,시흥4동,8819,19146,9450,9696,18435,9095,9340,711,355,356,2.09,5139
"합계",금천구,시흥5동,8979,17937,8896,9041,17319,8585,8734,618,311,307,1.93,5043
"합계",영등포구,소계,192641,396202,194202,202000,372245,181710,190535,23957,12492,11465,1.93,72874
"합계",영등포구,여의동,14204,34432,16175,18257,34029,15959,18070,403,216,187,2.4,6996
"합계",영등포구,당산1동,11944,21541,10345,11196,21086,10154,10932,455,191,264,1.77,3858
"합계",영등포구,당산2동,18862,36717,17034,19683,36284,16859,19425,433,175,258,1.92,5388
"합계",영등포구,양평1동,10094,18515,8771,9744,18235,8644,9591,280,127,153,1.81,2648
"합계",영등포구,양평2동,11372,22844,10926,11918,22571,10831,11740,273,95,178,1.98,3118
"합계",영등포구,신길1동,11678,20329,10373,9956,18998,9678,9320,1331,695,636,1.63,4086
"합계",영등포구,신길3동,7783,17066,8514,8552,16064,7986,8078,1002,528,474,2.06,3770
"합계",영등포구,신길4동,5700,12534,6154,6380,11882,5828,6054,652,326,326,2.08,2808
"합계",영등포구,신길5동,4447,10587,5216,5371,9572,4639,4933,1015,577,438,2.15,2428
"합계",영등포구,신길6동,9172,18521,8968,9553,17796,8601,9195,725,367,358,1.94,3786
"합계",영등포구,신길7동,7869,19680,9758,9922,19501,9671,9830,179,87,92,2.48,3032
"합계",영등포구,대림1동,6783,15884,7978,7906,13254,6540,6714,2630,1438,1192,1.95,3787
"합계",영등포구,대림2동,6836,17546,8905,8641,11521,5596,5925,6025,3309,2716,1.69,3565
"합계",영등포구,대림3동,10251,24546,12310,12236,20929,10394,10535,3617,1916,1701,2.04,5647
"합계",영등포구,영등포본동,10335,22144,11349,10795,20341,10392,9949,1803,957,846,1.97,4952
"합계",영등포구,영등포동,22396,32098,16156,15942,31165,15753,15412,933,403,530,1.39,3862
"합계",영등포구,도림동,9911,19670,9929,9741,17692,8948,8744,1978,981,997,1.79,3926
"합계",영등포구,문래동,13004,31548,15341,16207,31325,15237,16088,223,104,119,2.41,5217
"합계",동작구,소계,187337,385786,185029,200757,373409,180130,193279,12377,4899,7478,1.99,75563
"합계",동작구,노량진1동,18060,34327,17413,16914,32860,16822,16038,1467,591,876,1.82,6661
"합계",동작구,노량진2동,5529,8808,4660,4148,7857,4176,3681,951,484,467,1.42,1872
"합계",동작구,상도1동,23054,46167,22005,24162,43919,21286,22633,2248,719,1529,1.91,8315
"합계",동작구,상도2동,12415,27372,12917,14455,26940,12776,14164,432,141,291,2.17,4944
"합계",동작구,상도3동,12213,23896,11262,12634,23441,11079,12362,455,183,272,1.92,5254
"합계",동작구,상도4동,14762,29392,14171,15221,28910,14020,14890,482,151,331,1.96,6167
"합계",동작구,사당1동,13935,22718,10852,11866,22220,10664,11556,498,188,310,1.59,4298
"합계",동작구,사당2동,12525,28148,13451,14697,27834,13306,14528,314,145,169,2.22,6475
"합계",동작구,사당3동,10384,23459,11297,12162,23228,11210,12018,231,87,144,2.24,5269
"합계",동작구,사당4동,7277,13779,6548,7231,13591,6468,7123,188,80,108,1.87,3175
"합계",동작구,사당5동,6689,14024,6692,7332,13903,6637,7266,121,55,66,2.08,2725
"합계",동작구,대방동,16146,34297,16083,18214,33910,15915,17995,387,168,219,2.1,6087
"합계",동작구,신대방1동,10423,24739,11940,12799,22855,10950,11905,1884,990,894,2.19,4790
"합계",동작구,신대방2동,10955,22366,10615,11751,22077,10514,11563,289,101,188,2.02,3889
"합계",동작구,흑석동,12970,32294,15123,17171,29864,14307,15557,2430,816,1614,2.3,5642
"합계",관악구,소계,288964,497998,248620,249378,478809,240880,237929,19189,7740,11449,1.66,92116
"합계",관악구,남현동,9796,17507,8453,9054,17301,8374,8927,206,79,127,1.77,3332
"합계",관악구,보라매동,12996,23678,11538,12140,23120,11290,11830,558,248,310,1.78,5236
"합계",관악구,청림동,6345,14475,6887,7588,14331,6825,7506,144,62,82,2.26,3134
"합계",관악구,행운동,18326,29262,14043,15219,28567,13813,14754,695,230,465,1.56,4903
"합계",관악구,낙성대동,12426,18232,9183,9049,17541,8886,8655,691,297,394,1.41,2211
"합계",관악구,중앙동,10517,15660,7397,8263,15217,7230,7987,443,167,276,1.45,2642
"합계",관악구,인헌동,14972,25465,12276,13189,24992,12104,12888,473,172,301,1.67,4594
"합계",관악구,서원동,15467,23908,12389,11519,22905,12030,10875,1003,359,644,1.48,3777
"합계",관악구,신원동,11356,18235,9249,8986,17292,8866,8426,943,383,560,1.52,3658
"합계",관악구,서림동,15635,25014,13647,11367,23464,13023,10441,1550,624,926,1.5,4146
"합계",관악구,신사동,14679,24298,12012,12286,22023,10954,11069,2275,1058,1217,1.5,4161
"합계",관악구,신림동,19387,24410,12977,11433,23109,12545,10564,1301,432,869,1.19,2183
"합계",관악구,난향동,6126,14566,7100,7466,14438,7040,7398,128,60,68,2.36,3223
"합계",관악구,조원동,12509,21271,10517,10754,19679,9742,9937,1592,775,817,1.57,3604
"합계",관악구,대학동,18230,28771,16704,12067,24820,15213,9607,3951,1491,2460,1.36,3567
"합계",관악구,은천동,16060,32113,15638,16475,31535,15416,16119,578,222,356,1.96,6713
"합계",관악구,성현동,12926,29911,14418,15493,29705,14328,15377,206,90,116,2.3,6300
"합계",관악구,청룡동,24625,37068,17683,19385,35880,17240,18640,1188,443,745,1.46,5309
"합계",관악구,난곡동,12718,24760,12280,12480,24309,12092,12217,451,188,263,1.91,6277
"합계",관악구,삼성동,9842,20249,10040,10209,20087,9963,10124,162,77,85,2.04,6220
"합계",관악구,미성동,14026,29145,14189,14956,28494,13906,14588,651,283,368,2.03,6926
"합계",서초구,소계,172911,417288,198221,219067,412479,195928,216551,4809,2293,2516,2.39,71482
"합계",서초구,서초1동,9565,20298,9740,10558,20072,9653,10419,226,87,139,2.1,3526
"합계",서초구,서초2동,11451,25145,11786,13359,24741,11576,13165,404,210,194,2.16,3362
"합계",서초구,서초3동,15538,32380,15253,17127,31980,15062,16918,400,191,209,2.06,5655
"합계",서초구,서초4동,10643,30307,14782,15525,30032,14641,15391,275,141,134,2.82,4750
"합계",서초구,잠원동,13217,33815,16266,17549,33560,16152,17408,255,114,141,2.54,4945
"합계",서초구,반포본동,107,226,102,124,219,98,121,7,4,3,2.05,40
"합계",서초구,반포1동,14503,33769,16451,17318,33273,16245,17028,496,206,290,2.29,4495
"합계",서초구,반포2동,8564,26601,12590,14011,26447,12515,13932,154,75,79,3.09,3911
"합계",서초구,반포3동,8164,23574,11212,12362,23493,11173,12320,81,39,42,2.88,3571
"합계",서초구,반포4동,7004,19146,9002,10144,18320,8549,9771,826,453,373,2.62,3336
"합계",서초구,방배본동,7859,20181,9300,10881,19986,9203,10783,195,97,98,2.54,3555
"합계",서초구,방배1동,7519,16519,7675,8844,16369,7611,8758,150,64,86,2.18,3377
"합계",서초구,방배2동,7772,17718,8239,9479,17581,8178,9403,137,61,76,2.26,3951
"합계",서초구,방배3동,5810,15832,7508,8324,15638,7425,8213,194,83,111,2.69,3290
"합계",서초구,방배4동,9625,22953,10378,12575,22599,10221,12378,354,157,197,2.35,3981
"합계",서초구,양재1동,17561,41004,19370,21634,40684,19230,21454,320,140,180,2.32,8395
"합계",서초구,양재2동,10962,21040,10512,10528,20776,10375,10401,264,137,127,1.9,3570
"합계",서초구,내곡동,7047,16780,8055,8725,16709,8021,8688,71,34,37,2.37,3772
"합계",강남구,소계,245478,562382,268702,293680,556324,265884,290440,6058,2818,3240,2.27,94359
"합계",강남구,신사동,6550,15327,7152,8175,15114,7044,8070,213,108,105,2.31,3238
"합계",강남구,논현1동,13497,21571,10167,11404,20733,9828,10905,838,339,499,1.54,3220
"합계",강남구,논현2동,11207,20511,9545,10966,20119,9371,10748,392,174,218,1.8,3347
"합계",강남구,삼성1동,5491,13068,6426,6642,12746,6192,6554,322,234,88,2.32,2670
"합계",강남구,삼성2동,13799,30564,14600,15964,30254,14443,15811,310,157,153,2.19,4244
"합계",강남구,대치1동,7220,23846,11981,11865,23801,11957,11844,45,24,21,3.3,2930
"합계",강남구,대치2동,13418,38575,19639,18936,38385,19514,18871,190,125,65,2.86,5983
"합계",강남구,대치4동,9734,18598,8854,9744,18263,8719,9544,335,135,200,1.88,2291
"합계",강남구,역삼1동,23916,35700,17411,18289,34291,16814,17477,1409,597,812,1.43,4110
"합계",강남구,역삼2동,15574,36491,16927,19564,36116,16768,19348,375,159,216,2.32,4072
"합계",강남구,도곡1동,8346,20827,9806,11021,20696,9753,10943,131,53,78,2.48,3422
"합계",강남구,도곡2동,11430,32270,14916,17354,32170,14854,17316,100,62,38,2.81,5703
"합계",강남구,개포1동,9165,26818,12897,13921,26758,12869,13889,60,28,32,2.92,4407
"합계",강남구,개포2동,14989,42241,20420,21821,42083,20349,21734,158,71,87,2.81,6016
"합계",강남구,개포3동,7320,16592,7995,8597,16517,7966,8551,75,29,46,2.26,3801
"합계",강남구,개포4동,10057,23164,11142,12022,22978,11065,11913,186,77,109,2.28,4003
"합계",강남구,일원본동,7947,22424,11095,11329,22401,11086,11315,23,9,14,2.82,3879
"합계",강남구,일원1동,7446,14298,6858,7440,14142,6796,7346,156,62,94,1.9,3779
"합계",강남구,수서동,7640,13585,6118,7467,13505,6085,7420,80,33,47,1.77,5382
"합계",강남구,세곡동,20277,46126,21550,24576,45932,21470,24462,194,80,114,2.27,8108
"합계",강남구,압구정동,9950,25671,11950,13721,25465,11839,13626,206,111,95,2.56,5542
"합계",강남구,청담동,10505,24115,11253,12862,23855,11102,12753,260,151,109,2.27,4212
"합계",송파구,소계,286836,652094,312061,340033,645729,309190,336539,6365,2871,3494,2.25,118155
"합계",송파구,풍납1동,5257,11375,5563,5812,10924,5332,5592,451,231,220,2.08,3065
"합계",송파구,풍납2동,10467,23216,10970,12246,23009,10884,12125,207,86,121,2.2,4567
"합계",송파구,거여1동,5598,11832,5840,5992,11737,5803,5934,95,37,58,2.1,2891
"합계",송파구,거여2동,10064,23248,11190,12058,23149,11149,12000,99,41,58,2.3,5071
"합계",송파구,마천1동,7276,15384,7863,7521,15238,7802,7436,146,61,85,2.09,4240
"합계",송파구,마천2동,8404,17130,8700,8430,16975,8634,8341,155,66,89,2.02,4951
"합계",송파구,방이1동,6157,15014,7171,7843,14913,7132,7781,101,39,62,2.42,2703
"합계",송파구,방이2동,16047,26862,12096,14766,26162,11773,14389,700,323,377,1.63,4189
"합계",송파구,오륜동,5850,17573,8637,8936,17541,8622,8919,32,15,17,3,3469
"합계",송파구,오금동,15909,37762,18207,19555,37450,18058,19392,312,149,163,2.35,8012
"합계",송파구,송파1동,12469,23149,10694,12455,22860,10560,12300,289,134,155,1.83,4043
"합계",송파구,송파2동,7568,19525,9377,10148,19385,9312,10073,140,65,75,2.56,3534
"합계",송파구,석촌동,17066,30757,14498,16259,30176,14257,15919,581,241,340,1.77,5349
"합계",송파구,삼전동,16114,28797,13468,15329,28379,13293,15086,418,175,243,1.76,4724
"합계",송파구,가락본동,11640,24874,12261,12613,24581,12135,12446,293,126,167,2.11,4676
"합계",송파구,가락1동,9690,27356,13192,14164,27002,13013,13989,354,179,175,2.79,4395
"합계",송파구,가락2동,12292,30366,14808,15558,30165,14720,15445,201,88,113,2.45,5188
"합계",송파구,문정1동,8990,19835,9699,10136,19645,9611,10034,190,88,102,2.19,3754
"합계",송파구,문정2동,15828,28825,13184,15641,28619,13096,15523,206,88,118,1.81,4693
"합계",송파구,장지동,13211,30941,14839,16102,30756,14766,15990,185,73,112,2.33,5687
"합계",송파구,잠실본동,16184,27857,13126,14731,27330,12895,14435,527,231,296,1.69,4467
"합계",송파구,잠실2동,11546,34766,16629,18137,34664,16568,18096,102,61,41,3,4239
"합계",송파구,잠실3동,11800,33670,15854,17816,33534,15780,17754,136,74,62,2.84,6703
"합계",송파구,잠실4동,7200,21001,10154,10847,20954,10133,10821,47,21,26,2.91,3358
"합계",송파구,잠실6동,5832,16467,7817,8650,16239,7693,8546,228,124,104,2.78,3336
"합계",송파구,잠실7동,3369,9369,4343,5026,9351,4334,5017,18,9,9,2.78,2434
"합계",송파구,위례동,15008,45143,21881,23262,44991,21835,23156,152,46,106,3,4417
"합계",강동구,소계,222289,503987,245362,258625,499186,243272,255914,4801,2090,2711,2.25,96798
"합계",강동구,명일1동,10031,24838,12132,12706,24732,12092,12640,106,40,66,2.47,4926
"합계",강동구,명일2동,6392,16948,8260,8688,16848,8207,8641,100,53,47,2.64,3182
"합계",강동구,고덕1동,8164,23775,12187,11588,23695,12149,11546,80,38,42,2.9,3500
"합계",강동구,고덕2동,10306,26432,13214,13218,26219,13088,13131,213,126,87,2.54,3980
"합계",강동구,암사1동,15860,33128,16305,16823,32805,16183,16622,323,122,201,2.07,7370
"합계",강동구,암사2동,6397,14644,7096,7548,14572,7073,7499,72,23,49,2.28,2871
"합계",강동구,암사3동,6044,16909,8245,8664,16879,8232,8647,30,13,17,2.79,3229
"합계",강동구,천호1동,12843,25412,12383,13029,25112,12261,12851,300,122,178,1.96,6329
"합계",강동구,천호2동,18735,35545,17230,18315,34889,16932,17957,656,298,358,1.86,7224
"합계",강동구,천호3동,14963,26792,12787,14005,26162,12475,13687,630,312,318,1.75,5489
"합계",강동구,성내1동,8200,19177,9136,10041,19019,9078,9941,158,58,100,2.32,3686
"합계",강동구,성내2동,14068,24809,12011,12798,24173,11703,12470,636,308,328,1.72,5209
"합계",강동구,성내3동,10614,21992,10664,11328,21606,10501,11105,386,163,223,2.04,4665
"합계",강동구,둔촌1동,11885,32532,15995,16537,32396,15944,16452,136,51,85,2.73,4665
"합계",강동구,둔촌2동,10939,25293,12343,12950,25156,12293,12863,137,50,87,2.3,5199
"합계",강동구,길동,24177,48563,23382,25181,48121,23223,24898,442,159,283,1.99,10281
"합계",강동구,강일동,13801,34581,16537,18044,34380,16470,17910,201,67,134,2.49,6922
"합계",강동구,상일1동,13566,39189,19206,19983,39046,19135,19911,143,71,72,2.88,5840
"합계",강동구,상일2동,5304,13428,6249,7179,13376,6233,7143,52,16,36,2.52,2231
